id,name,bd,city,telephone
1,Oren Arend,2009,Changning,2008
2,Eddy Skitral,2006,Al ‘Āliyah,2012
3,Bell Caines,1995,Xianghua,2005
4,Cad Churchley,1996,Penang,1999
5,Kerry Isakovic,1998,Pasar Kulon,1994
6,Geoffry Chazotte,1983,Staropyshminsk,2013
7,Kipp Frost,1988,Singabarong,2009
8,Ettore Lye,2007,Ladan,1996
9,Ado Webling,2013,Świlcza,1985
10,Ansell McAndie,2005,Saint-Étienne-du-Rouvray,1997
11,Charmaine Bottomley,1994,Mizhhir’ya,2009
12,Annissa Bettesworth,1992,Sobontoro,2002
13,Gorden Roughan,2010,Sanhui,2008
14,Rosemaria Furney,1990,Cipunglu,2005
15,Amata Balfour,2012,Bairro do Margaça,1999
16,Briana Devlin,2003,Montpellier,2012
17,Bonnibelle Aymerich,1998,La Montañita,2013
18,Marlane Marrington,2008,Матејче,1996
19,Kennett Baccus,1996,Dalmeny,1994
20,Agathe Ismail,2008,Moguqi,2012
