id,name,ppno,telephone
1,Agna Grealy,2008,1994
2,Barney Batey,2009,2007
3,Reece Viger,2011,1999
4,Shandee Espinay,2008,2008
5,Jeremias Deeks,2004,1995
6,Valerie Kolis,1998,1992
7,Emmet Dyte,1967,1990
8,Idalia Pusill,1996,2008
9,Willard Matysiak,1994,1990
10,Harold Heppner,2008,2005
11,Isabelle Alred,2004,2009
12,Pen Trengove,2003,1987
13,Joye Fyall,1973,2009
14,Muire Ibbott,1986,2009
15,Salvador Autin,1995,1993
16,Miner Henker,1993,2006
17,Herve Lehrmann,2011,2008
18,Adelbert Braunston,2003,2009
19,Oneida Tabert,2002,1995
20,Ronda Mandrier,1992,1996
