1,Ketti,Shortcliffe
2,Nadia,Manston
3,Farica,Phillipson
4,Joellen,Simonett
5,Emmerich,Ybarra
6,Radcliffe,Mulrenan
7,Starr,Gergus
8,Rock,Fynn
9,Minny,von Hagt
10,Lusa,Cardoo
11,Boris,Valintine
12,Johnathon,Heskin
13,Brandi,Radke
14,Ruggiero,Bresland
15,Dalenna,Wallsam
16,Baron,Houndsom
17,Law,Skewis
18,Valerie,Pethrick
19,Hilarius,Chazotte
20,Dukey,Ranken
21,Ophelie,Doveston
22,Leonard,Yurchishin
23,Anna-maria,Gilstoun
24,Robenia,McCormack
25,Noellyn,Gremain
26,Frederigo,Wethered
27,Rica,Sirmon
28,Bibbye,Fountian
29,Leann,Brunning
30,Maurizia,Jannex
31,Alister,Withers
32,Jemima,Anneslie
33,Von,Blazi
34,Chrysa,MacAskill
35,Jesse,Stidson
36,Beverly,Antoniottii
37,Wit,Skeleton
38,Teirtza,Juppe
39,Niall,Trafford
40,Melicent,Bye
41,Leeanne,Tott
42,Egon,Rotlauf
43,Willyt,Barkworth
44,Christine,Andryunin
45,Elita,Posten
46,Ingeborg,Kirtland
47,Lucais,Blackmuir
48,Zeb,Mickleburgh
49,Yuma,Routley
50,Ivor,Schuricht
51,Mathew,Baggelley
52,Carlene,Hebdon
53,Ronny,Dameisele
54,Georgie,Clement
55,Zared,Guy
56,Ozzie,Cocker
57,Kira,Stapylton
58,Serena,O'Shaughnessy
59,Quintus,Eassom
60,Ewen,Chevers
61,Aurthur,Fieller
62,Dolli,Laxston
63,Augustine,Mattschas
64,Eal,Simes
65,Broddie,Tinsley
66,Loralie,Culmer
67,Mellisent,Comrie
68,Carola,Pickersgill
69,Angelika,De Giovanni
70,Lucias,Larvor
71,Gertrudis,Simoneschi
72,Daryl,Hovie
73,Yorgo,Pardoe
74,Ashley,Duncanson
75,Barbabra,Emma
76,Alayne,Setch
77,David,Vannuchi
78,Emily,Mertel
79,Jim,Leavey
80,Fannie,Storres
81,Karole,Bamblett
82,Larina,Brimner
83,Martainn,Yackiminie
84,Agace,Cissen
85,Cobb,Callendar
86,Carroll,Crayden
87,Port,Walsh
88,Earl,Antonognoli
89,Mathilde,Verlander
90,Weston,Flute
91,Agace,Samudio
92,Claudio,Garrod
93,Brendin,Croote
94,Aristotle,Gilford
95,Dalton,O'Lagen
96,Madelaine,Ridder
97,Lonni,Widdowson
98,Jeff,Colquit
99,Annadiana,Sedman
100,Gareth,Vines
101,Arvin,Gambles
102,May,Iannitti
103,Wittie,Le Noir
104,Felic,O' Shea
105,Addie,Maciaszczyk
106,Cort,Haversum
107,Jewel,Hadfield
108,Loretta,Sweatland
109,Romona,Giddy
110,Panchito,Caroline
111,Araldo,Vesco
112,Casandra,Olivie
113,Patton,Moreside
114,Frayda,Seymark
115,Darsie,Titcom
116,Tobiah,Francke
117,Heindrick,Vlach
118,Vivianna,MacGilrewy
119,Robena,Dearnly
120,Seamus,St. Queintain
121,Pasquale,Tinn
122,Bobinette,Von Gladbach
123,Dorolice,Lancetter
124,Hamish,Chanter
125,Jessamine,Manhare
126,Florina,Hampstead
127,Mahmud,Madgewick
128,Callie,Brunelleschi
129,Joanna,Shipston
130,Noble,Awcoate
131,Louisette,Harefoot
132,Saree,Pordall
133,Regen,Danilovich
134,Charleen,Verity
135,Fons,Fishlock
136,Angeli,Beric
137,Ortensia,Stapells
138,Adrian,Yakhin
139,Hubey,Guiso
140,Sarita,Goodday
141,Edi,Corderoy
142,Gabbey,Kalisz
143,Falito,Breyt
144,Dari,Soles
145,Frankie,Decroix
146,Cesare,Verbeke
147,Junia,Bowton
148,Maury,Toby
149,Hal,Silverthorn
150,Molli,Spalding
151,Augustine,McGiffin
152,Stephan,Babcock
153,Jodi,Adamovicz
154,Hillier,Bolletti
155,Dukie,Fishpool
156,Christie,Colam
157,Artemus,Nye
158,Kissiah,Stopps
159,Bald,Spatarul
160,Zechariah,Taffee
161,Nathalie,Tweedy
162,Edita,Pothbury
163,Connie,Norcliffe
164,Kliment,Skala
165,Molli,Loadwick
166,Theo,Jepp
167,Raphaela,Van den Dael
168,Cissiee,Oriel
169,Amabelle,Dabbes
170,Valaree,Rielly
171,Drucy,Cluff
172,Matelda,Aikman
173,Amalle,Mellodey
174,Cordell,Janney
175,Marlo,Moniker
176,Rosalynd,Clarricoates
177,Lane,McColm
178,Alisun,Bax
179,Kellsie,Panyer
180,Betty,McGilbon
181,Megan,Sharpus
182,Pollyanna,Sartin
183,Leandra,Ganford
184,Noble,Locard
185,Raynell,Dewar
186,Nataniel,Andrivot
187,Joli,Innott
188,Pablo,Friary
189,Marci,Legerton
190,Roselin,Skipperbottom
191,Davy,Simonsen
192,Juana,Van den Oord
193,Eldin,Wittey
194,Halsy,Cady
195,Audre,Canet
196,Brooke,Gregorace
197,Wilfred,Ephgrave
198,Orsa,Lynett
199,Tildi,Beedie
200,Consalve,Berrey
201,Reginauld,Swateridge
202,Shamus,Chessil
203,Mycah,Tilney
204,Mireielle,Sahnow
205,Jemie,Beswetherick
206,Portie,Grimsdyke
207,Barclay,Duro
208,Jolyn,Pancost
209,Rodolph,Rillett
210,Iseabal,Brislane
211,Suzy,Laing
212,Salomi,Tudgay
213,Greer,Proctor
214,Earle,Pentland
215,Fedora,Kirwin
216,Pier,Andrejs
217,Kittie,Gerlts
218,Lisbeth,Montes
219,Isa,Menichillo
220,Lesly,Tallquist
221,Tamas,Emmerson
222,Bailey,Start
223,Hollis,Monnery
224,Sigismundo,Creany
225,Skipton,Bonnefin
226,Boyce,Wareing
227,Lian,Armstrong
228,Lucky,Etchell
229,Lana,Feben
230,Granthem,Whopples
231,Dorian,Fawlks
232,Ogden,Reville
233,Dorothea,Buessen
234,Debera,Wethey
235,Christy,Clampin
236,Chance,Gravey
237,Amelie,Jiracek
238,Filbert,Doppler
239,Jason,Bartens
240,Raleigh,Wudeland
241,Cordy,Pyle
242,Meris,Geal
243,Lavinia,Cater
244,Deerdre,Errington
245,Wilhelm,Awcock
246,Farlie,Rowan
247,Janis,Milch
248,Emmalynne,Prazer
249,Anny,Pardy
250,Denni,Jankovsky
251,Gris,Wignall
252,Margarita,Harty
253,Koren,Ranger
254,Catina,Bernardelli
255,Frankie,Boor
256,Marney,Spivie
257,Essa,Rollinshaw
258,Isadore,Fyers
259,Orelee,Fust
260,Barclay,Holby
261,Merill,Mandel
262,Emmery,Kellet
263,Kile,Cammiemile
264,Coral,Seakes
265,Skipton,Scrinage
266,Darby,Kleingrub
267,Ardisj,Krinks
268,Dorothy,Mulberry
269,Cassandry,Louedey
270,Dov,Adshad
271,Cyb,Coronas
272,Winnah,Eplett
273,Pip,Brecknell
274,Milt,Cordier
275,Delora,Spridgeon
276,Brandtr,Cremin
277,Hester,Ludvigsen
278,Ted,Conaboy
279,Jeromy,Wolstencroft
280,Gothart,Sywell
281,Obidiah,Fifield
282,Tomaso,Haysey
283,Scotty,Wellstead
284,Fara,Peele
285,Bibbie,Shama
286,Cindi,Brotheridge
287,Eal,Dibble
288,Courtney,Boscher
289,Fayre,Joan
290,Marie-jeanne,Dimberline
291,Shela,Abeles
292,Josselyn,Nafziger
293,Raynard,Rash
294,Gearard,Sangwin
295,Albertine,Gumey
296,Cthrine,Estable
297,Regen,Wildber
298,Kareem,Mayler
299,Saunders,Josephi
300,Claudian,De Fraine
301,Brita,McAloren
302,Charlton,Emms
303,Will,Nazair
304,Caria,Bashford
305,Billi,Tremayne
306,Ysabel,Kelsow
307,Frankie,Ennever
308,Gregoor,Belsher
309,Petunia,Chadwen
310,Fawn,Tape
311,Constancia,Ellick
312,Leeland,Ainge
313,Berton,Fairbrass
314,Velma,Brech
315,Willis,Mogie
316,Judon,Haggarty
317,Chester,McLane
318,Marchelle,Reyburn
319,Shandeigh,Crosthwaite
320,Kristi,McKinna
321,Cletis,Basten
322,Bertine,Franklyn
323,Tiffi,Grange
324,Willabella,Pikett
325,Madison,Coplestone
326,Patrick,Reven
327,Kirsteni,Ector
328,Ezequiel,Roebottom
329,Dorie,Ilsley
330,Karin,Housbey
331,Tatiania,Rooze
332,Sharla,Woodnutt
333,Elva,Livzey
334,Conn,McAulay
335,Kalie,Janicek
336,Kinna,Downse
337,Rosette,Oxton
338,Althea,Sleightholme
339,Daven,Aldham
340,Charmain,Theobold
341,Blake,Malpass
342,Xavier,Cullimore
343,Luz,Sonier
344,Monty,Karpmann
345,Lissi,Durker
346,Rois,Lugg
347,Nadya,Ghelerdini
348,Dennie,Thurstance
349,Gabrila,Nicklinson
350,Vanya,Quadrio
351,Duke,Hidderley
352,Ame,Piggford
353,Dianemarie,Bosch
354,Sherlock,Bachellier
355,Annamarie,Paxeford
356,Hermina,Silvermann
357,Ransom,Gepson
358,Mickie,Casari
359,Mikel,Land
360,Sharyl,Burness
361,Jenifer,Melarkey
362,Helli,Felmingham
363,Erinna,Twigger
364,Wyn,Scarffe
365,Jaquith,Carley
366,Guilbert,Borrow
367,Jesse,Board
368,Bennett,Skipworth
369,Guillemette,Mateu
370,Renaud,Plum
371,Willi,Lardeux
372,Katy,Pitbladdo
373,Arlan,MacKissack
374,Elmo,Waterhowse
375,Arleta,Mathis
376,Arleyne,Hindhaugh
377,Carlene,Buckeridge
378,Shelby,Nicklen
379,Reeva,Leyson
380,Hollyanne,Sevitt
381,Link,Lefeaver
382,Huey,Kirsche
383,Cad,Caveau
384,Di,Aslum
385,Anastassia,Ingamells
386,Tessi,Ingleby
387,Caresa,Mustoo
388,Felice,Stiffkins
389,Cam,Houliston
390,Eilis,Abbots
391,Aleen,Pecht
392,Abbe,De Gregario
393,Roxie,Delahunty
394,Samuele,McAlinden
395,Blithe,Fridaye
396,Udall,Elsdon
397,Erin,Connelly
398,Aveline,Ducket
399,Hi,Keaves
400,Gabriello,Celand
401,Roderich,Gully
402,Reade,Lusher
403,Viole,Risebrow
404,Alina,Teece
405,Renae,Cicetti
406,Dora,Buesden
407,Adoree,Rablin
408,Adelaide,McKirton
409,Chase,Rosie
410,Martica,Lindsell
411,Clara,Doel
412,Bendix,Iacivelli
413,Rina,Firmin
414,Ingemar,Sinkinson
415,Michelle,Persich
416,Lisabeth,Fahrenbacher
417,Karry,Grime
418,Elizabet,Crellin
419,Rogers,Fenn
420,Ezra,Frenchum
421,Leanna,Brawn
422,Humfried,Snowman
423,Morgan,Berrigan
424,Byrann,Klimkov
425,Cortney,Borit
426,Stella,Shiel
427,Shae,Ivic
428,Jarret,Eads
429,Annabal,Carmody
430,Mace,Phaup
431,Marga,Velez
432,Kessiah,Lamburn
433,Tova,Harrhy
434,Hally,Logue
435,Miran,Muzzall
436,Anderea,Maton
437,Emalee,Janecki
438,Gloria,Jacobovitch
439,Cody,Tran
440,Mil,Sutehall
441,Cart,Jozwicki
442,Lyn,Melin
443,Gloriane,Charon
444,Alard,Rumsey
445,Angel,Elderfield
446,Waverley,Bensley
447,Lorne,Jeandin
448,Randal,Collington
449,Ashton,Ferre
450,Kippie,Bragger
451,Sella,Cushelly
452,Wendie,Boynton
453,Alon,Maher
454,Elly,Keddie
455,Helaine,Gilli
456,Jobina,Morman
457,Augie,Crewes
458,Patrizia,Hanse
459,Sonia,Eary
460,Dorey,MacAulay
461,Chris,Ritchard
462,Ogden,Terne
463,Cele,Castree
464,Mill,Gaishson
465,Ellynn,Ruspine
466,Lefty,Bauman
467,Tasia,Catlow
468,Kaleena,Yeomans
469,Kynthia,Jess
470,Jock,Brumbye
471,Andrei,Jess
472,Cornelius,Oleszkiewicz
473,Mart,Hacquoil
474,Monte,Woodthorpe
475,Emmanuel,Drayton
476,Dory,Hartegan
477,Jillana,Ceccoli
478,Tomi,Cissell
479,Celestina,Gillanders
480,Adara,Boken
481,Orlando,Trainor
482,Kitti,Antoni
483,Avie,Worman
484,Ulla,Frend
485,Quentin,Corneck
486,Ellary,Brozsset
487,Malinde,Middis
488,Corliss,Laxtonne
489,Myrlene,Backman
490,Merilyn,Allsopp
491,Stacie,Lewknor
492,Allyson,Kubyszek
493,Gilligan,Murdie
494,Flory,Zisneros
495,Candace,Simpkins
496,Juline,Melbourn
497,Chicky,Bottini
498,Calv,Rosedale
499,Douglas,Rintoul
500,Isac,Siman
501,Linette,Gaynesford
502,Suzanne,Binley
503,Jilli,Crowcroft
504,Aurthur,Beverage
505,Cobby,Benley
506,Norry,Sandys
507,Giacinta,Aviss
508,Simonette,Wabersich
509,Elspeth,Hugueville
510,Shurlock,Ball
511,Verna,Swalwell
512,Mavis,Calderbank
513,Barri,Orrock
514,Karlene,Mewrcik
515,Kassie,Freddi
516,Rickey,Sergant
517,Kendell,Dacey
518,Drew,Dowsing
519,Reginauld,Cloney
520,Concordia,Foan
521,Nicolai,Tuttiett
522,Demetrius,Drayn
523,Fabien,Newburn
524,Gayle,Mara
525,Waverly,Armit
526,Frank,Abbyss
527,Aveline,Whorton
528,Leah,Yarrington
529,Sebastian,Dulling
530,Ceil,MacKibbon
531,Magdalen,Sambeck
532,Nikki,Symcox
533,Marabel,Dufaur
534,Baryram,Anderbrugge
535,Angil,Upstone
536,Olav,Longstreeth
537,Herb,Dwine
538,Berkeley,Rodenborch
539,Abdul,Gadney
540,Kelila,Dulanty
541,Malia,O' Concannon
542,Christean,Weed
543,Mayer,Blakeden
544,Jeana,Thireau
545,Cesar,Ireson
546,Mame,Van der Son
547,Jerry,Bendall
548,Maudie,Renals
549,Keriann,Trevear
550,Ulrick,Quogan
551,Renaud,Smolan
552,Brocky,Sylett
553,Marcia,McCaughren
554,Modesta,Cobb
555,Shelagh,Di Biasi
556,Carree,Heber
557,Jamie,Tibbs
558,Baxter,Claisse
559,Chaunce,Applewhaite
560,Ludovico,Strasse
561,Emelyne,Garment
562,Sidonia,Remmers
563,Flor,Turmall
564,Aggie,Handford
565,Sal,Blackwood
566,Minni,Morston
567,Carlos,Dole
568,Olivero,Windless
569,Freddy,Chappell
570,Arnie,Tregonna
571,Randa,Fossett
572,Denni,Sutherby
573,Angeline,Challen
574,Darwin,Grayley
575,Sarette,Ayliffe
576,Erin,Spilsted
577,Tobiah,Thome
578,Maiga,Clewer
579,Kipper,Jochen
580,Maryann,Milmith
581,Dolph,Snepp
582,Napoleon,Hicken
583,Brit,Burgoin
584,Chris,Clunan
585,Tani,Gasperi
586,Tiffany,Reeman
587,Rich,Luthwood
588,Hamilton,Aylmer
589,Marmaduke,Membry
590,Nikkie,Cordet
591,Bellanca,Cleland
592,Vinny,Hegarty
593,Aaron,Robottom
594,Aline,Aizik
595,Beniamino,Zanetto
596,Sadie,Gerhartz
597,Sly,Melladew
598,Kellsie,Eacle
599,Vicky,Maypole
600,Lenka,Leed
601,Eldredge,Sooley
602,Aili,McGow
603,Berk,Depke
604,Lesley,Arnli
605,Janetta,Robertelli
606,Jethro,Ortell
607,Mela,Baal
608,Raine,Breawood
609,Ulick,Trower
610,Regine,Crannell
611,Gustav,Nelle
612,Vonnie,Chatin
613,Frankie,Torre
614,Darlene,Swidenbank
615,Baird,Gillopp
616,Marcelia,Monaghan
617,Richie,Orpwood
618,Idalia,Harmour
619,Cheslie,Thorald
620,Kingsly,De la Barre
621,Yasmin,Britney
622,Jonathon,McMillan
623,Kristoffer,Webster
624,Erminie,Zuker
625,Lillian,Gammie
626,Leanna,Hardway
627,Julius,Scoggans
628,Delora,Fragino
629,Kamilah,Toomer
630,Jordan,Puller
631,Guendolen,Walpole
632,Elliot,Matcham
633,Linn,Warlowe
634,Finlay,Decker
635,Devan,Crickmoor
636,Lydie,Hagley
637,Beatrice,Nequest
638,Eveline,Tree
639,Claresta,Bramont
640,Selle,Mowett
641,Sharyl,Sennett
642,Guthry,Redholes
643,Querida,Barnshaw
644,My,Feeney
645,Kaylil,Whistance
646,Tito,Yosevitz
647,Tully,Lipp
648,Mignon,Sedgemore
649,Keelby,Vassbender
650,Abran,Spieght
651,Kristopher,Cheney
652,Jedediah,Feaster
653,Willyt,Devonshire
654,Reta,Mawson
655,Louis,Ahlin
656,Ezechiel,Malek
657,Vonny,Cabell
658,Gratia,Fenners
659,Lavinia,Stutely
660,Candi,Battison
661,Lyndell,Seargeant
662,Dniren,Cheverton
663,Prinz,Leffek
664,Charlean,Brunn
665,Marcia,Camsey
666,Ange,Eastment
667,Connie,Wadeling
668,Silvain,Stonner
669,Laurice,Grinval
670,Troy,Higgan
671,Dodi,Luty
672,Thane,Derrett
673,Jilli,Budget
674,Oralle,Dymoke
675,Renata,Cicerone
676,Trixie,Johnys
677,Nannie,Cruden
678,Sheila-kathryn,Trees
679,Karoly,Doel
680,Bettina,Pavelin
681,Lindsay,Larwood
682,Myrtia,Mordin
683,Vevay,Capozzi
684,Worth,Sagerson
685,Amaleta,Jehu
686,Joelie,Spalton
687,Fancie,Coopper
688,Tracy,Hasnney
689,Aliza,Jenteau
690,Darill,Loveridge
691,Felita,Rosengren
692,Barbabas,Amar
693,Tabbie,Domenico
694,Fawne,Scullion
695,Adams,Grewcock
696,Daveen,Rowbottom
697,Emily,Lean
698,Rickie,Yuill
699,Nata,Buckthorp
700,Brnaba,Oak
701,Meara,Mapis
702,Nils,Nenci
703,Cleavland,Eschalotte
704,Base,Hunt
705,Theadora,Chubb
706,Eliza,Kerman
707,Penni,De Mattia
708,Verla,Folliott
709,Adiana,Reck
710,Edsel,Awcock
711,Kipp,Strognell
712,Rodrick,Concannon
713,Claude,Rawkesby
714,Hillie,Boyde
715,Borden,Plante
716,Lida,Benaine
717,Jerad,Whitlaw
718,Benjy,Trouel
719,Syman,Deas
720,Brendon,Rankin
721,Mary,Collin
722,Ashton,Pulster
723,Chantalle,Padula
724,Vern,Chetham
725,Janine,Lammers
726,Tabor,Mapis
727,Rollo,Fellenor
728,Corrinne,Waldron
729,Arline,Aleksankov
730,Odele,Olpin
731,Gilberte,Linnett
732,Thalia,Loseke
733,Cyndy,Taylder
734,Norry,Runacres
735,Cicely,McGuinness
736,Alonzo,Repp
737,Travis,Vasishchev
738,Ase,Derill
739,Bryn,MacConchie
740,Zora,Garmey
741,Valentine,Meriguet
742,Irving,Manthroppe
743,Trumaine,Johnsee
744,Graeme,Vowden
745,Malinda,Caress
746,Charissa,Roan
747,Grady,Mingard
748,Nathanil,Giorgielli
749,Heath,Rouchy
750,Kahlil,Bront
751,Basilius,Wyper
752,Sigismond,Ianelli
753,Lane,Cheak
754,Friederike,Pimbley
755,Stesha,Harmond
756,Georgeanne,Sheaber
757,Shara,Quarrie
758,Burnaby,Althrop
759,Nestor,Coraini
760,Weidar,Markie
761,Rik,Verdy
762,Myer,Rhys
763,Ade,Sayer
764,Courtney,Filipchikov
765,April,Cosby
766,Christean,Reveland
767,Irita,Bracknall
768,Gaylor,O'Corrane
769,Artur,Arrandale
770,Worthy,Addington
771,Patten,Dicks
772,Alysa,Bonome
773,Eugenie,MacKey
774,Parker,Olenchikov
775,Katrina,Frankland
776,Arther,Tretter
777,Kay,Brugden
778,Tommie,McAteer
779,Bertie,Nattrass
780,Lexi,Winnett
781,Urbain,McMeeking
782,Rance,Strongman
783,Erica,Vasyutochkin
784,Martino,De Meyer
785,Hartwell,Enderson
786,Lilyan,Billanie
787,Giana,Jenner
788,Grantham,Pinnigar
789,Boyce,Thoumas
790,Giustina,Ferriday
791,Nathanil,Stollberger
792,Justino,Moryson
793,Connor,Eyre
794,Bunni,Andrez
795,Jonah,Leythley
796,Erik,Borghese
797,Gene,Schutter
798,Seumas,Guiton
799,Oby,Ingall
800,Ardine,Brion
801,Magdalene,Glassborow
802,Cthrine,Morriss
803,Sully,Yoselevitch
804,Kaile,Huegett
805,Joaquin,Rabjohns
806,Janis,Mc Elory
807,Rabbi,Radin
808,Glennis,Foggo
809,Dulcy,Guitel
810,Tasia,Ponde
811,Lucian,Forbear
812,Nickie,Ball
813,Lammond,Snasel
814,Lucille,Sibray
815,Bradly,Capsey
816,Queenie,Horlock
817,Jessy,Riping
818,Masha,Moverley
819,Theresa,Pervoe
820,Marion,Mixer
821,Travis,Brauner
822,Estele,Essam
823,Herman,O'Kuddyhy
824,Storm,Rycraft
825,Kordula,Ranklin
826,Teddie,Wadge
827,Ilsa,Bidgod
828,Dell,Littleover
829,Harbert,Dufour
830,Nettle,Joontjes
831,Goran,MacNockater
832,Dory,Gillmore
833,Abe,Pottinger
834,Otto,Dorant
835,Alford,Best
836,Delores,Brimblecombe
837,Bunny,Worsley
838,Ardenia,Gohn
839,Jillana,Skeete
840,Katha,Doxsey
841,Marni,Rowthorne
842,Theda,Asif
843,Erin,Gleasane
844,Blake,Burgyn
845,Bartholomeus,Kenner
846,Brent,Nolin
847,Ali,Kerin
848,Coop,Callingham
849,Orly,Macro
850,Verla,Springell
851,Suzi,Salmon
852,Bobby,Eddowes
853,Cloe,Adger
854,Daveen,Janiak
855,Julian,Lonnon
856,Arturo,Ceschini
857,Curtis,Yukhnini
858,Waylan,Esel
859,Fergus,Folshom
860,Dayna,Rivard
861,Ashton,Kirkham
862,Saxe,Makey
863,Herbert,Chaldecott
864,Farrah,McCullogh
865,Richy,Gilluley
866,Kimmy,Cathel
867,Adah,Bickle
868,Merrick,Gogie
869,Fitz,Sywell
870,Frederic,Cardo
871,Willow,Lasham
872,Danielle,Revie
873,Boone,Belk
874,Ellene,Malec
875,Phil,Cuffin
876,Stanfield,Sancias
877,Hamish,Loxley
878,Sindee,Ingamells
879,Amie,Sawdy
880,Harris,Ludford
881,Chandra,Calyton
882,Syd,Karlowicz
883,Freeland,Wetter
884,Catie,Heditch
885,Sterne,Kinningley
886,Konstantin,Strettell
887,Brant,Gayther
888,Jacklin,Weerdenburg
889,Ugo,Stonard
890,Georgi,Trillow
891,Solomon,MacCurtain
892,Antoinette,Speers
893,Perla,Gercke
894,Maiga,Undrill
895,Harmonie,Benezeit
896,Glory,Wheeldon
897,Gwyn,Simmens
898,Karalynn,Conti
899,Gerianna,Stickel
900,Otha,Odlin
901,Leigh,Reen
902,Clare,Jerke
903,Ines,Davson
904,Vere,Vaune
905,Katuscha,Simmank
906,Luci,Ayliff
907,Tan,Cisar
908,Kiley,Yerborn
909,Koren,Artingstall
910,Arman,Melbury
911,Stacia,Bispo
912,Quill,Longwood
913,Elayne,Dumingo
914,Lancelot,Babidge
915,Padraig,Cadney
916,Tisha,Stocking
917,Thaddus,Roundtree
918,Brand,Buffin
919,Jules,Tick
920,Rory,Ozintsev
921,Dore,Karpf
922,Dinnie,Pestell
923,Ajay,Dallender
924,Nataline,Labet
925,Carissa,Covell
926,Celeste,Tiery
927,Emory,McEntegart
928,Lynea,Novak
929,Raynard,Curphey
930,Adina,Robatham
931,Valentine,Maltman
932,Kellina,Powlett
933,Allina,Keeler
934,Kelley,Jeffress
935,Adel,Delahunt
936,Xenia,Shotbolt
937,Rowen,Booi
938,Concettina,Antoniazzi
939,Simonette,Pfaffe
940,Georgeanne,Patrick
941,Claiborn,Brimmicombe
942,Moishe,Plaskitt
943,Lucio,Tregien
944,Debora,Malkie
945,Loren,Egell
946,Claudette,Wink
947,Vivienne,Howieson
948,Gunter,Uwins
949,Lib,Scase
950,Liliane,Burrass
951,Vivianna,Jenkison
952,Phyllis,MacLaren
953,Brenda,Payne
954,Lula,Kinchley
955,Rosalynd,Teese
956,Cinda,Olivie
957,Robinett,MacKnockiter
958,Emelita,Arthur
959,Vidovic,Mival
960,Wilmar,Kench
961,Alyse,Trevithick
962,Cookie,Cargo
963,Yetty,Martschik
964,Kalinda,Strank
965,Liza,Bath
966,Gwendolen,McEntagart
967,Leeann,Buesnel
968,Bayard,O'Dooghaine
969,Cecilla,Page
970,Shaun,Sebrook
971,Torre,Lantuffe
972,Morrie,Canner
973,Anna-diane,Busfield
974,Jacky,Shinfield
975,Darci,Flanigan
976,Carissa,Bradneck
977,Meredeth,Cheves
978,Franzen,Mottershaw
979,Obadias,Loffhead
980,Portie,Duncklee
981,Cathee,Germon
982,Audrey,Comsty
983,Alfy,Germon
984,Hyacinthe,Astbury
985,Daniele,Swire
986,Tally,Terne
987,Ashely,Vowell
988,Randall,Hagley
989,Brietta,Grist
990,Shanan,Aughton
991,Currey,Naptin
992,Olia,Christescu
993,Alfie,Imloch
994,Burg,Bompass
995,Emmalynne,McCuaig
996,Merrill,Garland
997,May,Petit
998,Lauraine,Errichelli
999,Ruthanne,Amberson
1000,Gasper,Lusher
